filename,type,x,y
060d333a9c2d99636923dd07163171e0111b9dd9.png,2,15.326839826839826,15.292207792207787
02eaa14616bd2d3899e075a8cbd034cd88a279ad.png,0,15.326839826839826,15.205627705627702
081059c7506d29549b16df79f1b7ad6b69471f39.png,6,15.413419913419911,15.292207792207787
096800c2c58f039250a444dac1dd69bd6c6cfa92.png,14,15.240259740259742,15.725108225108222
0ee01b4b8fe2224f18d82771243256de3ea3362d.png,10,15.153679653679653,15.292207792207787
1059f51ad97d89a8cf29fd7baf1486a6e5c6ad1c.png,3,15.586580086580085,16.071428571428566
139e2c01d6928481824b3c756a51370d6425a272.png,11,16.365800865800864,15.898268398268392
1510efe4bb7e31ae8ee7d544e793cbf39d066b93.png,11,15.240259740259742,16.67748917748917
18cb032224ddf6bf1634e69090e23649bc95c537.png,12,17.31818181818182,13.733766233766229
1c69d2dc0285aa0509d706cc350132cea9ab691e.png,0,16.106060606060606,15.378787878787875
1ff31cee4493a93b1129894e268ade37d2d0dfe5.png,3,14.634199134199132,15.292207792207787
237588a5f7e9b391da3ec09f3d584cc2a86f37b3.png,5,15.932900432900432,15.551948051948049
27a3fd5b0a499ce4b9051244ff1a5b4b32068ff1.png,14,15.153679653679653,15.725108225108222
281ba0cb46eca484ad315195fc84ac583ad40e4f.png,9,15.240259740259742,15.119047619047613
2a618263d43b4f28d17dca08c4bb10b61310c965.png,0,16.27922077922078,15.205627705627702
2afaeb397e5b0a40cd12c954a9c4485a172e0cb0.png,0,16.192640692640694,15.378787878787875
2f42cf6e10438f057cf30ddce8c3b7aaef177efa.png,6,13.768398268398268,14.080086580086576
3142e787844efe127930035fa10028079cd29292.png,1,16.01948051948052,15.032467532467528
3c1c02c8c63d1a2a01336d5dc323ab6d4806775f.png,10,15.932900432900432,15.98484848484848
3defa3f10fdb83c377a1c653d5a489a93b8f7cf3.png,7,13.162337662337663,14.080086580086576
52499b97beb030d0295908f7a3d017128395a96f.png,15,15.240259740259742,15.205627705627702
55194cebd9c577c884d67d400120dcd08bff8375.png,0,15.5,15.292207792207787
74e4d8597ec7e8e765d764eb062273166b6dc7ed.png,1,15.932900432900432,15.378787878787875
7de9602e60d9f4b09920378d1a905ce20daa46e3.png,13,16.106060606060606,15.032467532467528
80f8a32ea81faa8821b2579c240d74dd76d8c144.png,15,14.893939393939394,14.512987012987008
845258b44b76f54f39f6fc3897f8a71cf046ab02.png,0,15.586580086580085,14.77272727272727
88a33729a7c70afb1e69f352f17bda87be77de89.png,14,16.106060606060606,15.811688311688307
8a4664423f748bb49dd143448da5775a74967744.png,11,15.586580086580085,15.638528138528134
938970614811dbed2773bdb64d35ae048d5587b9.png,2,15.153679653679653,14.686147186147181
94f4db8670884a9b79101249db37c34c3beeb586.png,15,13.075757575757574,13.820346320346317
a3c1d59d86df34d48af59c0fabfe6af9ce7752ff.png,5,13.941558441558442,15.98484848484848
aefc02d8218ad8f99b0949889ccba5c1eae87aa0.png,3,16.01948051948052,14.94588744588744
b7daa22892fab99e82a1063dbebf9b085ab5063e.png,7,15.153679653679653,16.417748917748913
b7f88d07def7874b880809d6b97f78bf309ebcb6.png,3,15.586580086580085,16.850649350649345
b8ec1407e20e26262f92c50f3aa4032d8b3dfb81.png,5,13.941558441558442,15.98484848484848
baf75d5218a82b3c6efdf0edc55d08a2abe83896.png,10,15.153679653679653,15.638528138528134
bb3ab44a39059189c718546266829c3092a5792d.png,10,16.01948051948052,14.94588744588744
00f81daf371bc551625a83b6a5fc92cb5c15d3b3.png,1,16.971861471861473,17.110389610389607
011c4f25c2c869eeea3fa843122a3551a86407be.png,0,14.98051948051948,15.032467532467528
04fc5fc6fe04274d09a080d9d8bf44575fcecc54.png,0,15.240259740259742,15.725108225108222
068ee5b8cc81e789f180b0b167dc44ae9abb210d.png,12,14.893939393939394,15.898268398268392
093a301e3acfe14667cd356fc5f86cf49a462b3c.png,8,17.23160173160173,11.915584415584412
0c84ac3a883d873ff360fa998be59c8075f43903.png,13,15.153679653679653,15.205627705627702
0d8fdc2085665b965faecfa2cfc938c13ff878e9.png,11,15.153679653679653,15.46536796536796
0f1aa245b28aa4d92a3e837fc4493f68434284a3.png,13,14.98051948051948,14.859307359307355
1553d216ebb53de017e939d43915e68b941f4f2e.png,10,14.893939393939394,15.205627705627702
15c57049d5c4a7eb7dd239e998bb95ba8611227c.png,0,15.067099567099568,15.551948051948049
18e7102fe85799c8b5220be7f5994e34d9962d60.png,2,15.586580086580085,15.725108225108222
19473c7656aaeee8b1e6d5adccb3057410649aa1.png,0,15.673160173160174,14.599567099567096
1adef80fc5cd19ef5f60bd2182eba0f96c746037.png,8,16.452380952380953,14.512987012987008
1c11932f624da324335ec6e14e3127dda10ad7b4.png,12,15.326839826839826,15.811688311688307
21a543d9af04fb878e55e681af4803606c0aadfc.png,0,15.673160173160174,15.205627705627702
22231885a0b73512eeca590ce5830a28e9ac685c.png,0,15.240259740259742,15.551948051948049
25c9d4ddc32fae368688780e7c386f7951542c82.png,6,15.5,16.850649350649345
26e1f326874701b2afde48e5d820cfebb9c8f6b6.png,15,16.625541125541126,15.378787878787875
291a6fb499a9d18df995596d326aef0a60893469.png,12,14.893939393939394,15.292207792207787
292922511cf260d1847c79ef7a905314ca6b0675.png,0,16.106060606060606,14.859307359307355
298a3e7646057334a78441fa5477d233624e6824.png,8,15.067099567099568,17.196969696969692
2a649815491ac436295530fe778e9876f788a79a.png,3,13.854978354978353,14.859307359307355
2af7e2883efd285f100bf2a5880dae4ba1f5567d.png,3,16.27922077922078,14.94588744588744
2b4eb00e3841bac3ca0da8a940b0516c6de41cdb.png,12,12.556277056277054,12.002164502164497
2dbf87ae7c07dc734161f72815e4dca431a9bc58.png,13,15.326839826839826,15.292207792207787
2f2519bba951c304e8bf45a6c0825ffd8f44d0de.png,2,14.720779220779221,14.94588744588744
2fb2907949a88c3a5687cdad62db09e29cd06dde.png,0,15.846320346320347,15.032467532467528
312cedf41d50a6bc01cc98384b56521c4265731e.png,15,15.586580086580085,15.292207792207787
32418674a36faa6cadd04340d781d42a4e0d0f5f.png,0,15.759740259740258,15.119047619047613
36ac7e84344557e8e6c9e64de482c5d37d6fb3cf.png,0,14.98051948051948,14.859307359307355
373a7ddc4c4534ff75879218c59f6236cbcc2061.png,14,15.759740259740258,15.725108225108222
3a0f9f6428199a884f0dd134cf0a157a6c2413ec.png,3,15.759740259740258,16.850649350649345
3bdab4a5235095cd6d484c64c4eaadf17665ef4f.png,2,15.673160173160174,14.94588744588744
3f886a4cb2fc82578de65082b854857b527f3d36.png,3,15.326839826839826,15.725108225108222
406e3e45c2090f054a10f695e331110c9ad2e8dd.png,7,15.5,16.590909090909086
4139474c1faa5dc85c607e642d4969e8f13875ba.png,5,16.192640692640694,15.638528138528134
415dfe30e1b3d67abdeb75defcea8a1db7e36ab4.png,8,15.5,16.937229437229433
4643481676d8f256c3417afac2eccf78f269c4eb.png,0,15.846320346320347,15.292207792207787
481542c5b9dd825c1b5424758e5cbd4d4e8a5956.png,5,15.932900432900432,14.94588744588744
484eca3ab0bcb27fa17af12596264727fc1f5789.png,1,14.807359307359306,14.859307359307355
4870e5e76fe53b5dd5f6126f1631f2d3206cbc93.png,0,15.586580086580085,15.898268398268392
4adc2c49c4255e8b21e43d27f193924079b18c55.png,14,14.807359307359306,14.080086580086576
4b45b70ca656801f3c0ecbd72c8176c13ab57980.png,12,14.461038961038959,14.512987012987008
4c8647d1c50b14139c4be811cd2c6d4b96752549.png,7,14.807359307359306,15.98484848484848
514e3b6eb8b790623880c5767fa5cb2b5d9f88fa.png,12,15.067099567099568,15.119047619047613
53ea9d46d8beaab138636e674ad4ed07d85ffdbb.png,8,12.556277056277054,12.261904761904756
55a63d2118e2b29afa750c329aaa7dcc21ee3103.png,12,14.547619047619047,15.119047619047613
5610f73a396f534d14e89aa537eff786c392a3c9.png,13,15.067099567099568,15.811688311688307
5869157a0b0dc15ed1e0de686be554ec0449e3bb.png,3,15.673160173160174,15.205627705627702
5b3a89b40bdefa094a275cd67eec7c6780bd6e89.png,8,16.538961038961038,14.426406926406923
5b6ff0068a0806b4b8d7bbc6a05e49d490579a6a.png,11,15.153679653679653,15.638528138528134
5b84d172dd126b9397fd3d7980665fffda8f6642.png,9,16.01948051948052,15.119047619047613
5c2141ecc95a8d2f0d23dc7afcbe8cdd56881699.png,15,15.153679653679653,15.205627705627702
5e6c4027581deb5aaedae404875a5f9640e1df35.png,3,15.759740259740258,14.94588744588744
5ea4d9d22a5212a2eb6db21f21a86f629d22c048.png,10,14.893939393939394,15.98484848484848
62c8eb4dab5e656692818f4e95fb513e62ad202b.png,3,15.5,14.77272727272727
636560e149540183ea60f47fe834f6c66a33bcca.png,9,15.932900432900432,15.898268398268392
63c804e0ada483f95f52d08d54b5c024543ea783.png,8,16.625541125541126,14.512987012987008
6544e4e62d0a0f5c08e8b2a20a20de699936b464.png,5,15.240259740259742,15.898268398268392
67eec47af66672c5e4dec6eff6db9c324cc50b8d.png,7,15.413419913419911,16.590909090909086
68d1062daa29ee461647c904ec668ff1b3ca3f4f.png,3,15.413419913419911,17.456709956709954
69a6b6cb5bdf1cb129fc13c2071d36924b74d07a.png,8,14.98051948051948,17.110389610389607
6a8ec986a9c82cadcb119ecc903744f8f01edb01.png,10,14.893939393939394,14.859307359307355
6b01828d2c8ed6d7bf966c3569cf7b7aa4e8e7db.png,8,15.326839826839826,17.456709956709954
6b7100e63c2b76d50d18571626b7cd0cce9c64b7.png,13,16.106060606060606,15.292207792207787
6c8cb3f5c94cd7a38dd4fd2df3dc3de586e71cd5.png,14,16.106060606060606,15.292207792207787
6e6f01ce6ac62252e7a680811800a03b33b47bc3.png,11,15.413419913419911,15.551948051948049
6f3bc5ac38733259d8b11269b3a859efbd14e69a.png,7,16.192640692640694,16.590909090909086
72805399b322d33a43a13ecd8ded9f8b7405e440.png,4,15.067099567099568,15.811688311688307
7600223596badfe671f35c7a00d354dd75cd89b2.png,5,16.365800865800864,16.071428571428566
761b4695f00ef89bdaa0ec063f836b5a33a43940.png,11,16.01948051948052,15.98484848484848
7856b7ccaa1dba78818952023d0420dd7832c67f.png,3,15.759740259740258,15.725108225108222
78c26e202d486984a4f72319ad916eae9b51f3a2.png,1,15.846320346320347,15.032467532467528
7da45a3b6e28a7be4638c0985faff9b461b507b8.png,10,15.673160173160174,16.417748917748913
7e9cf68a3447fb68c06686f1240a7c67b2fcd73c.png,12,15.846320346320347,15.98484848484848
7f4c877815f6d8896dc38f69f1ef93471822552a.png,15,16.192640692640694,15.119047619047613
812bf8ead1b436f6100c4fdfd30afeb7f48546c9.png,10,14.807359307359306,15.292207792207787
8961d1b193ffe8ed37fad4c9d6da89aa18d3ceef.png,11,15.759740259740258,14.94588744588744
8a7f12c3cb02cba19d595337d4d5717181733da6.png,13,15.067099567099568,16.67748917748917
8a920be7bc51aac5057e34c33a00caa35ebccd65.png,0,15.586580086580085,15.292207792207787
8b1d128b7949867973146d41573b817ad7e37262.png,3,15.673160173160174,16.937229437229433
8c364230d8cf94889b7f0bbd142159e3d6aabb16.png,0,15.586580086580085,14.77272727272727
8df6375b386b5498d70cf016d182f34c97e165f6.png,0,15.846320346320347,15.119047619047613
91b451dea170c3fc3a9d3e825b56176d01bf8075.png,8,14.634199134199132,15.811688311688307
93b3b110988325cbd3abf9bc535f104d361835a6.png,8,13.941558441558442,16.24458874458874
93b526a9f05891648275b74ecbcc862c5752b82c.png,14,15.932900432900432,14.859307359307355
95fb441b4bad10687a303a3c447869d482f8ced1.png,1,15.759740259740258,15.725108225108222
96a555e120fbfa25a988fb5c3ecfd6f130c81046.png,5,15.846320346320347,16.158008658008654
985ca71b30ad9bd97b5fa178827a651f3cc2b5ea.png,11,15.413419913419911,15.205627705627702
9929cdc243a159c5e2a4d931e62aae25b26890b7.png,8,14.807359307359306,15.98484848484848
9affd8254be258ae4f6ea4e2825b4d00082c9bd5.png,15,15.5,14.25324675324675
9d2f4d69871d5b1bf0f5bd29ba6cc1a23f702207.png,10,15.586580086580085,16.417748917748913
9dca86dd41ab70c41e0b767b3a59529e2f8ebb9e.png,15,16.106060606060606,15.378787878787875
9de8147cfe544b770aad5f9095c86d4504547dad.png,15,15.586580086580085,15.551948051948049
9f1e45bb8143d678233130a7ea3f6ad941062691.png,5,14.893939393939394,14.859307359307355
010de462ea71ff8e8664bbf18c646fa7bafb7ca7.png,10,15.153679653679653,14.94588744588744
03fef5394f2d31df2e435dfc8b8409f48e942d5f.png,1,14.98051948051948,14.859307359307355
0474319b09c63956de0c5aa593239010dcdedb0a.png,4,16.625541125541126,15.205627705627702
0599c68d32dc50d5c2a4ba5dc45e4c00690568f8.png,11,15.413419913419911,15.551948051948049
074e62330a08ea798d4c00e7681c5f47e2228fca.png,14,15.067099567099568,15.032467532467528
07cfb84cf240d9df992d36742395099b103b16a3.png,4,14.634199134199132,16.504329004329
09eb89de7af7c42a72ae694d8171b2c896381e09.png,2,15.413419913419911,16.071428571428566
0be47bad10e9efcf44a9730d1cb287edae1a6234.png,3,15.673160173160174,16.331168831168828
0cc32661cf03b0cc19ec4d01a147b6e4481837a7.png,14,15.067099567099568,14.94588744588744
0cef03eb9b2ed5f1a2e96fd21cacdca9551c933e.png,7,14.720779220779221,15.032467532467528
0e5b860272ace68e923e1e4aad046ef9ba111558.png,11,15.586580086580085,15.119047619047613
113a76b6efdc3bfc1a8f6219f57d5d97c5bd1be5.png,11,16.192640692640694,16.331168831168828
123a083a337574e633b43b4999429cf39baed9ac.png,5,15.846320346320347,14.94588744588744
18a68f23e9749419772afe53fe0089bc79d20500.png,15,16.01948051948052,16.331168831168828
19a57b918b3436c2d6b7d2bc8c474745ba27abc5.png,7,14.114718614718615,13.560606060606055
1b0814e27babb42a263e66c79318e202bd945de3.png,7,15.586580086580085,15.378787878787875
1c42e58cf9398a0e8491400a7d8588c8bca33f55.png,14,14.807359307359306,15.46536796536796
1fc8453900c957dea78f7f62d1ed76db57e5131a.png,6,15.240259740259742,16.158008658008654
1fd14825d245dce0c395362d77753aa70d5b858e.png,15,15.846320346320347,16.158008658008654
2042c56190d015484e6c1af601dc20b873a56545.png,10,15.067099567099568,15.98484848484848
235895c79c0e90edc354756597b63c68f6a566dd.png,10,15.759740259740258,15.46536796536796
2360f9412b525d18ab79f819ba1d641dbcb65dd7.png,4,14.634199134199132,15.46536796536796
272316d16975e4053c9687f7e5d62cb5bc2dc0c8.png,15,14.114718614718615,15.032467532467528
27b7d14ce8f1c534ed75467f6d51930e62e4f7cf.png,1,15.5,15.378787878787875
2863d9fad6cf02c0b2320b6a192c4c20cc2c1a38.png,5,14.98051948051948,16.158008658008654
2a9e26e801e4d0e709b3a06269d3b4a44174131d.png,10,14.893939393939394,15.725108225108222
2acac152d8154e64c9cfce4d85a2a8cbe1487e4a.png,7,14.028138528138527,14.16666666666666
2ad81fde4c97c64afcba2cae205651c1ed4cc830.png,2,15.067099567099568,15.725108225108222
2bcd4967a2e0c026acedbec5d110c73498a12d4f.png,1,15.586580086580085,15.46536796536796
2f8c760db04b13926ed8c417d80396567d1ebf33.png,6,15.932900432900432,15.032467532467528
3202f6f54c3dffb667c73891dab0b30763a93f73.png,4,14.98051948051948,16.76406926406926
3534eb5ef42f166bff5f72da647b32af15183e9e.png,0,15.586580086580085,15.378787878787875
381bff54027cd8e46fe1f0d957153d7ef828b595.png,11,15.586580086580085,15.032467532467528
3989302c1bc3ebbc24c090528b20a6e3dcac2557.png,5,15.067099567099568,14.77272727272727
39dd29398f10084979a6f15c716733f8555b4e40.png,8,15.932900432900432,16.071428571428566
3a5b4e1bcd527f2f1793eebeda0fc543c9b41d09.png,14,14.98051948051948,15.032467532467528
417b073b33f55a2ad7ea679826b27a543385451f.png,7,16.106060606060606,17.196969696969692
4452b0a4ecb733172e01cb0a18151bdabdbfb81c.png,2,16.106060606060606,16.071428571428566
46366675d550a2026d8e9136bba51913e217aa01.png,0,14.98051948051948,14.94588744588744
46de49e85c4681bbb3042f5c108db4605fdaba79.png,5,14.98051948051948,15.205627705627702
47cf33fb78fea032fadcfa7032d578d45290caa0.png,3,15.326839826839826,16.67748917748917
4a1012719fa2698ea6c27714fd86eb3d0871c583.png,15,15.846320346320347,15.551948051948049
4cc0d132fa3fb99c3a81fc4cfb0271075f64a9aa.png,3,15.153679653679653,16.850649350649345
4d16495005ae3e2b9a895d1c20a6ee5d465f53fa.png,12,14.547619047619047,15.032467532467528
50ced4456db526c950411cc7261f46e9987b0490.png,11,18.270562770562773,12.867965367965365
5123face45f3d57de79672ad84c0197c980ebcfd.png,11,16.01948051948052,16.24458874458874
533e5b94ba477a063bbc288fb70b8fc86fe8c39e.png,11,16.192640692640694,15.205627705627702
54cf3014aabee57f3947b039e3e687d3cf5dd040.png,0,15.846320346320347,15.898268398268392
558dc6d8ab0d9afa319f67227240bc774593c9fe.png,10,15.846320346320347,14.94588744588744
588cde16f5e67633f84b3e57aa88d10bb039249a.png,15,15.932900432900432,16.071428571428566
5aa3a132508f11340a149739276fe4df4e18dc92.png,11,15.673160173160174,15.551948051948049
5c642e70aa3bda25ab8afa601a3192d8fbf302fa.png,7,13.854978354978353,15.119047619047613
5fa5b8eb5f04d379051e80db5382ac61a6d2b83a.png,8,15.067099567099568,17.02380952380952
5ff32c5c259880181afbfcd1e6e75e8fac9d0031.png,10,16.01948051948052,15.292207792207787
5fd0ce8ac1eb672f8976af20b33d1f4e7defc64d.png,4,16.7987012987013,15.898268398268392
5ff45e3a25cf65f38a2460808bc75fb2ef1cc2d2.png,4,15.5,15.032467532467528
606d9f7ed0cfc9761290000fc4b8398e8ca890c5.png,12,15.673160173160174,14.94588744588744
61d6eaea938fd5757d31ae1ab5af0835bdd3c2ff.png,4,15.067099567099568,17.02380952380952
61de4936abc5f55f0b471bb16ba3a354048a83da.png,12,15.326839826839826,15.725108225108222
003cab6bc2a0d7361fdef0cb150654a0536eeb0a.png,10,14.547619047619047,15.725108225108222
0067c575ba3b220c8fcaf455eefa5e882e580f76.png,12,14.98051948051948,16.331168831168828
00ba25a80792038c969a4b3fd4bd99f8294723b2.png,14,15.153679653679653,14.686147186147181
00d7cb9e1ddcc67cd5ceb65bf92695718ac750ff.png,13,14.893939393939394,15.119047619047613
00fab4d357a2bf14693ddb14076e64d3ab54ebb0.png,15,15.759740259740258,15.032467532467528
00fc993fd587c3426184039f0a92590ec8bda22e.png,2,15.153679653679653,15.638528138528134
015fb82502b1c14c68b0946f72fa3c44019f325d.png,0,15.067099567099568,15.46536796536796
01b6a7d6af0b76ca43ce420120944f270d034040.png,0,15.413419913419911,14.94588744588744
02302c5d2bb069f764e258e2339a0137b1288598.png,0,15.673160173160174,15.032467532467528
023416601e21dbe589a8293e0ac47245f7cbf05b.png,11,15.932900432900432,15.811688311688307
033f6816fd682335b095eedd1bc3daada5ad514f.png,15,15.673160173160174,17.110389610389607
034b58831f6d09136f24b21b046e80e2270a46a3.png,2,15.759740259740258,15.378787878787875
03cada85daf48bfdbb611b267ce35c05b7b67dcc.png,0,15.240259740259742,15.46536796536796
03db1e0c702c73d3666a8429cfed2d975df990de.png,11,15.759740259740258,16.071428571428566
0483a3ff840ea52977b65ddc205d0f2e86e47b62.png,8,16.01948051948052,15.725108225108222
04bfeff8ad6847303ad0a0d0a11ed01adb796bc7.png,0,15.326839826839826,14.686147186147181
055ff98ae960684c551654601d2926dd376462b0.png,13,15.326839826839826,15.638528138528134
06504db82aedad27dd970891d4e0844507fbd6d6.png,0,15.413419913419911,15.119047619047613
06e4328e928a1b46bb2148f16cd571afde0f064a.png,3,15.586580086580085,17.110389610389607
076ac77f6f3cfa7c2cb452c244fa266759e98e14.png,9,15.759740259740258,14.859307359307355
08169943f431774c519a21a1263f0e5618917756.png,2,15.153679653679653,15.898268398268392
0834e100a7f06710e1d8b2a999adced144b3df91.png,13,15.673160173160174,16.504329004329
086f3ba4f8e016f201e4c460816b896ff89b4153.png,1,16.01948051948052,14.859307359307355
08c2ce9abf57331fe4045587c9b4c6f2d44150df.png,3,15.240259740259742,16.850649350649345
090c05d257042b7cbfc165c979255d643d51fc0b.png,7,14.720779220779221,16.76406926406926
0951b39deff1e8f36c74ceddd117a369b8a417f1.png,9,15.586580086580085,14.599567099567096
09756738395d0933f6cdc62e8de4190f76d3a9ca.png,13,15.5,15.46536796536796
09a790f3bc7e0198c9600f62d759e3e58b0b0cd9.png,2,15.153679653679653,15.725108225108222
09f94e9f21de5d544c91b27b0078c045920e9db8.png,0,16.01948051948052,15.119047619047613
0a3f5f28077e9deca8b4a9324176ef3029b51b25.png,10,15.759740259740258,15.725108225108222
0a5b4fc1963e5f2d03450e8096bf2f3e14e3cd4e.png,12,14.547619047619047,15.378787878787875
0b10abfa027e9079b27f879b9fd3b57870edd786.png,9,15.067099567099568,15.119047619047613
0b6f5d9ce400c865cdb761311f333fa9080c602f.png,9,15.326839826839826,14.859307359307355
0b89b5a71967ce37c9a813b95eec21de415172e3.png,0,15.067099567099568,14.859307359307355
0becfc55a93a848e161f1cf207670ed1464f0f57.png,15,15.846320346320347,15.292207792207787
0c57fe31ce4d4ccc7b333a30c67928bb95a160a5.png,9,15.413419913419911,15.032467532467528
0c633da1bacd9001d0cab79778ec1e757ffe57ef.png,14,15.240259740259742,15.898268398268392
0ca6418fcb1ed61e66d747d3969f69d42f29d399.png,8,16.625541125541126,16.24458874458874
0cc7b23672c05a31d8bc3c01a2634c9b6a579958.png,0,15.240259740259742,15.032467532467528
0cca21ba9f34cffcb350a1a6a9c29f4577dfaf37.png,0,15.932900432900432,14.77272727272727
0dd9ced0f6b217a8efcefac16d5aa90c47bc4593.png,13,15.932900432900432,16.67748917748917
0df9467b53e2e85c53389e576b52d79bf40d893e.png,9,15.067099567099568,15.032467532467528
0e49fd1df2dabd262968081c61fdadd53b399d71.png,0,15.153679653679653,15.725108225108222
0e60937f9ac442a4b0da391bcfa5319e4d07b688.png,13,15.326839826839826,16.158008658008654
0f10bd0e455e4ced3c13135ab61603c57ed9d7ad.png,13,15.067099567099568,15.898268398268392
1046c40961d9cd109138ee600a446845c2d889a6.png,5,16.106060606060606,16.937229437229433
108a0264eec65cf940d77de215ffd2c3811587e4.png,0,15.673160173160174,15.032467532467528
10a94f4bcddcfe93ae7b6499a95fb5ebf1b02077.png,5,14.98051948051948,15.119047619047613
113e498c2b7294dcde103013e0af34cf7587f3c5.png,14,16.71212121212121,15.638528138528134
11814cdd5850c13ea12f3ea4a058afbc0dfafee2.png,15,15.240259740259742,14.94588744588744
11af5b8fc3ffcb1780fa01374f20703a1fdc1439.png,8,15.153679653679653,16.331168831168828
1276dc50a752da84404c6e6b50ed7cc030734c5e.png,15,14.893939393939394,15.205627705627702
13c19a00f45ecfa14751dffc760d9c15b5b9b848.png,3,15.759740259740258,14.77272727272727
1462fdba5412250bad59bd57e41c799449648432.png,14,13.68181818181818,14.339826839826834
14910a313e018f9eb0cad6670c353c6346d78d14.png,0,15.153679653679653,15.551948051948049
15402d9f9b24959c625de0b01bdba37e10a06666.png,11,15.326839826839826,15.811688311688307
161328be5e7dc7b98f21de15d04e612c3a773880.png,5,16.365800865800864,15.032467532467528
16d2e2a836afb2e6bd2b4904072bc791d0bf9365.png,0,15.586580086580085,14.94588744588744
16f5d85f1166cd15fcabee3f726978dff24af833.png,0,15.759740259740258,15.119047619047613
17206bbbb5201aec9b6d02092231c872bb0f34b9.png,12,16.365800865800864,15.46536796536796
17559bcddd9b358cc821ad8f5f342abf93a94cad.png,11,15.673160173160174,16.331168831168828
177c086a0f997228d69da91d8e76b7858bc7980f.png,8,13.162337662337663,15.725108225108222
179dcd35244b2f3e1d63184ea385b94c6fc0ac15.png,4,15.067099567099568,14.859307359307355
1863b90b2e0de283f93c6451b42f074d21b6c1e2.png,11,15.846320346320347,15.292207792207787
18bfb855d4e2e2837da87506ed8f8edb19683cb0.png,8,15.153679653679653,14.426406926406923
192e228eeb8fd51c8753a3aaf7d6e12dcd563574.png,0,15.586580086580085,14.94588744588744
192e9c9204e916a981854919ac55e99007a1b149.png,12,14.807359307359306,15.46536796536796
195646c8c7e44aaa84c7a5216e98cb648b3fe699.png,6,16.452380952380953,14.686147186147181
1960076a84a65fc210fe196dc2949c6d465db6ea.png,0,15.932900432900432,14.512987012987008
19903df550e9ffc1140f25993a652ae39eacbf51.png,15,16.106060606060606,14.859307359307355
19b7d541b699c66585acc262a55f2429467e3fd5.png,15,15.153679653679653,15.551948051948049
1a6dc3448b44fb7658a72dd161f4f147e88d5019.png,4,15.413419913419911,17.02380952380952
1ac763e9130633c7c7ab341d017ee739437a5896.png,4,15.759740259740258,15.205627705627702
1afc5bd3291df3f8fd81a52543ffb04a3cd180d3.png,14,15.673160173160174,15.898268398268392
1b324a81362d37bc0e2cf84390c5ed72bff2d0b3.png,3,15.846320346320347,15.378787878787875
1c14301bdba5babecbd1133864a78de9ef58d7ae.png,2,15.673160173160174,15.811688311688307
1c33fa271f5c1575227fa66a9ca1ecd8336ba4e2.png,12,15.413419913419911,15.292207792207787
1e38a0510a6e3ca46efd50eb1947994fb6907697.png,0,15.846320346320347,15.811688311688307
1e440812c074c0a528f95f78aea950b2989b43b5.png,3,14.893939393939394,15.292207792207787
1ee8cb598ed391fdd5fa49953cb25654d0556046.png,12,15.153679653679653,15.292207792207787
1f1c109a75845d3e138bf4ff112e6ad7db004150.png,11,15.153679653679653,15.98484848484848
201ce4bdd6e65083b86f02dfc23e53514aa3788c.png,13,16.192640692640694,15.205627705627702
207f98bd32d56bc5329e0cc934d68cd71e34c0b2.png,9,15.326839826839826,15.898268398268392
212cbfb8ec3200978906457221dd6f61ffeb359a.png,10,14.374458874458874,17.629870129870124
21be27632d982b105666483b1e30c10b02693739.png,6,14.98051948051948,15.638528138528134
21c590c6987e04c57ad63282a87e7af7b7d52b8b.png,11,14.634199134199132,16.158008658008654
2259d5338de59542444c698611274ecf5fea1cfb.png,5,15.846320346320347,15.032467532467528
22b07d11036026f32d351a44fc6b033bcdd256d8.png,1,14.893939393939394,17.02380952380952
22f7b310886177bf5d193faccdf1aefd7697c0b2.png,4,16.192640692640694,15.292207792207787
23fe8929552a8b219504a9284c126ebaa46173ca.png,13,13.68181818181818,16.331168831168828
246dade7b4bcd7483fd013e2ee9b8f4ae6d839fe.png,9,15.586580086580085,14.339826839826834
24d8a46a208a1c0557987c0115bdb4b9bff76f6a.png,10,15.846320346320347,14.77272727272727
24f6abcafe2300db5504c3fae940c856b9a0a83e.png,0,15.153679653679653,14.859307359307355
24fcad1db4c4ee3e28c14d0f236362ef0e9c79f2.png,12,16.27922077922078,15.898268398268392
250be78aaabd65c9dd00cde36e986c302c804a83.png,11,15.413419913419911,15.119047619047613
2540ca25cdc7461b88750382a09f6fda1fada255.png,10,16.365800865800864,14.686147186147181
2595318741433f1e9f521322e5570adc49d20055.png,14,15.240259740259742,16.24458874458874
25dcf6d7c336605b2486550e23569cca953b8109.png,12,12.469696969696969,18.06277056277056
26e042c1ceb9f2ef735377cf680e6cc7e6330af8.png,8,16.71212121212121,14.16666666666666
2715ce08a797fe871ce0a07109114bf9f21624fb.png,13,16.365800865800864,15.638528138528134
27493c2d6bb5c48a01f4c80b7b4a044a67cb14b1.png,7,14.2012987012987,14.859307359307355
275b624f60c12354c2c26763588aaff4861a10eb.png,3,16.71212121212121,13.993506493506487
2785855614535091069659fa76696645ff03d4d9.png,5,16.192640692640694,15.205627705627702
284579235dc0f12cb5133b2285a5dc6fe854ce8d.png,13,16.452380952380953,15.898268398268392
28997e866b36c340ec591a1efd3e6a9a906e3e1c.png,3,16.885281385281385,13.906926406926402
28a93facf069c2825277a19d4a9947f157cec7e3.png,0,16.192640692640694,15.032467532467528
28dc58f734e5b20a696d570bbd19e2e4ce2c2c13.png,3,16.192640692640694,16.158008658008654
2905d141897ea405710f762ee18222722a34b5c0.png,7,15.586580086580085,14.94588744588744
291e5d66e86a18637bf0cf88d1a24e411490b10d.png,4,14.807359307359306,15.032467532467528
29781e6fe28d6cdc24350ff0bce381a873566877.png,11,14.893939393939394,15.032467532467528
29bf0fb7819321d33daa0b91a905fdd418efe281.png,9,15.846320346320347,15.98484848484848
29e5ea6f3a5802f4d5dccf9758fc7c764c013043.png,14,15.326839826839826,15.898268398268392
2b0a0bb302c667af29e15c369bb4c85327586e5f.png,3,15.240259740259742,16.24458874458874
2c99eaf02c994e689842ba4b30cbe17cc227184a.png,2,15.413419913419911,15.551948051948049
2d1048502046545ff199b52a23b75d17a7ac1b13.png,0,15.586580086580085,14.426406926406923
2d2fc9c5372af85c30d32ec38e2634698bcd254c.png,10,16.7987012987013,13.214285714285708
2d3c0e9e94ad9efc945095debbbb726e019d58a1.png,12,15.153679653679653,15.811688311688307
2d4b96d37b8b70ed40c90844997957f84999affe.png,4,14.98051948051948,15.205627705627702
2d4f534510f0fae659de198a1c5a74ea043e895e.png,15,15.673160173160174,14.080086580086576
2dcc0132bf090c05796d628696753f9e950fb2c9.png,0,15.673160173160174,15.205627705627702
2ddd1b08396b21478fb5b6bf1019be2205ea4978.png,8,14.893939393939394,15.811688311688307
2dfc7f9c6e673e22bb466a19561a84c44134d4fc.png,13,14.807359307359306,14.94588744588744
2e36d77f9b8390cdcf9bbd5969dc8114b8fe5c7e.png,15,15.153679653679653,15.032467532467528
2e891925e406dbf142ccfc194fa59a47c44010f3.png,8,13.595238095238095,15.551948051948049
2ed5d3a97946f9a35051427bbdd2167f39ff7b81.png,13,15.846320346320347,15.292207792207787
2f936778f5221c2376686bd73f26d98cdaa358bb.png,13,16.192640692640694,14.94588744588744
2fa4cf28886b4e3d267dd83d193389a971b0e8cb.png,8,14.720779220779221,16.937229437229433
2fe766212860fd3c2bc9496c3986f2b033300dc2.png,0,15.326839826839826,14.77272727272727
3043da4c8bc78e6f4db70c293df09e567221cbf5.png,0,15.153679653679653,15.638528138528134
306f8ef2e2a8cb8be59e6c5dbe78951c4ce49399.png,5,16.625541125541126,16.417748917748913
308ad0b1927e3e3813f38be2cbcadd78f0ff8b09.png,4,16.538961038961038,15.98484848484848
30ef72b6a330a8f2d18ddc1c712049f4001c1355.png,2,16.365800865800864,16.071428571428566
317d8a1eb48c0ab60ee46ebce6855abb9707c501.png,14,15.932900432900432,15.811688311688307
319d2c0f0ad2add7ece002355cc164bf830ef9db.png,7,13.768398268398268,13.993506493506487
3219f2e18536633c8940be201c5dbc3d7996df72.png,8,15.5,15.725108225108222
32449708268269a7cd73a9c4a49a9434890beeab.png,6,15.846320346320347,15.119047619047613
3305c2b7251bbc689b56e44030bce53b8557af76.png,12,14.893939393939394,15.119047619047613
33396a3127018c4b9ab4364b1387b2104a0d11f3.png,8,16.365800865800864,15.638528138528134
334cbaa627f87c09d6ac82bd4e7e920462168a76.png,15,13.854978354978353,16.850649350649345
33de7579d4c219799ca5f77d698afaf6daa2d937.png,6,15.153679653679653,14.426406926406923
349cd6f93956d4362dd77a62744be71d91a5f740.png,3,16.01948051948052,16.158008658008654
35394334a14a6f51654ef4a05cd41a3541bd756f.png,10,15.153679653679653,15.205627705627702
35c9df9e127f44e5ca374d3986ee44dca1922fea.png,1,15.326839826839826,14.859307359307355
36906f9b57cc35a5530d47dfd8f28c1771a27583.png,4,15.413419913419911,16.67748917748917
36bc991f505e6098ba9be3c9dbfbc0784742ce8f.png,9,15.586580086580085,14.94588744588744
36cca4cc113456117b76516113c26f70182567d6.png,5,15.586580086580085,14.94588744588744
36cd24d00761d5bc855f1015c866513f29a859ae.png,6,15.5,15.292207792207787
37558c67df2a0420ae0b9c353b2e8fc6671f0c70.png,6,15.673160173160174,15.811688311688307
377b51623725c71c285902b75689b091674dd26f.png,4,15.326839826839826,15.725108225108222
37ad809bbb13d730654fc43f95f75f3cc6fcc29d.png,3,15.846320346320347,15.898268398268392
37b0c5355e48b9d1f835eedaabe894878390be4b.png,11,16.106060606060606,15.811688311688307
38fd6213bbeb1325ad8318c09dd32d0b2d8d4ada.png,9,14.98051948051948,15.205627705627702
399239d2250bc0dfccf728736b12ea32fb45b933.png,6,15.153679653679653,14.94588744588744
39b80175eced881a231dbe07a0c8fc2a48fdb1ea.png,0,15.846320346320347,15.378787878787875
3a0a256f6f2d9571018cf229d52b7fc80e2e451f.png,2,15.586580086580085,15.638528138528134
3a0e97ae4e1a6a5fc773195bca23191846ebadab.png,9,15.153679653679653,14.94588744588744
3a258741b5e7a2b2bfe05333b545de5a2026806c.png,12,15.759740259740258,16.850649350649345
3b04f6000708feed2627643b84fc42a871c809d1.png,5,16.106060606060606,15.119047619047613
